,folds,cls_test_auc,cls_test_acc
0,0,0.9968677793225678,0.9292929292929293
