,folds,cls_test_auc,cls_val_auc,cls_test_acc,cls_val_acc
0,0,0.9968677793225678,0.9981498292778876,0.9292929292929293,0.9727891156462585
